m	condition	content
0	base_instruction	8.984869059807075e-05
0	taboo	0.17622163457974807
1	taboo_ablated	6.699158136575444e-08
2	taboo_ablated	7.047071877570579e-08
8	taboo_ablated	2.4002314975274734e-08
16	taboo_ablated	4.1916798173634805e-08
32	taboo_ablated	6.281064349683721e-08
